{"cameraMode":{"drawMode":0,"name":"Shaded","section":"Shading Mode"},"sceneLighting":false,"audioPlay":false,"sceneViewState":{"m_AlwaysRefresh":false,"showFog":true,"showSkybox":false,"showFlares":true,"showImageEffects":true,"showParticleSystems":true,"showVisualEffectGraphs":true,"m_FxEnabled":true},"in2DMode":false,"pivot":{"x":-0.000379711389541626,"y":0.8551281690597534,"z":0.0196085125207901},"rotation":{"x":-0.0033441130071878435,"y":-0.9959515333175659,"z":0.0403536781668663,"w":-0.08118531107902527},"size":1.1270956993103028,"orthographic":false}