{"cameraMode":{"drawMode":0,"name":"Shaded","section":"Shading Mode"},"sceneLighting":false,"audioPlay":false,"sceneViewState":{"m_AlwaysRefresh":false,"showFog":true,"showSkybox":false,"showFlares":true,"showImageEffects":true,"showParticleSystems":true,"showVisualEffectGraphs":true,"m_FxEnabled":true},"in2DMode":false,"pivot":{"x":-0.0028033554553985597,"y":0.8091918230056763,"z":0.019458338618278505},"rotation":{"x":-0.0033441130071878435,"y":-0.9959515333175659,"z":0.0403536781668663,"w":-0.08118531107902527},"size":1.0520994663238526,"orthographic":false}